company,ticker,cik,executive_filing_date,event_type,person_name,title,effective_date,earnings_company,earnings_cik,earnings_filing_date,earnings_period,earnings_revenue_reported,earnings_eps_diluted,earnings_net_income,days_to_nearest_earnings,event_timing
Apple Inc.,AAPL,0000320193,2026-04-20,both,Tim Cook,Chief Executive Officer -> Executive Chair of the Board,2026-09-01,Apple Inc.,0000320193,2026-04-30,second quarter fiscal 2026,111184,2.01,29578,-10,before earnings
Apple Inc.,AAPL,0000320193,2026-04-20,appointment,John Ternus,Chief Executive Officer,2026-09-01,Apple Inc.,0000320193,2026-04-30,second quarter fiscal 2026,111184,2.01,29578,-10,before earnings
Apple Inc.,AAPL,0000320193,2026-04-20,appointment,John Ternus,Director,2026-09-01,Apple Inc.,0000320193,2026-04-30,second quarter fiscal 2026,111184,2.01,29578,-10,before earnings
Apple Inc.,AAPL,0000320193,2026-04-20,both,Art Levinson,Chair of the Board -> Lead Independent Director,2026-09-01,Apple Inc.,0000320193,2026-04-30,second quarter fiscal 2026,111184,2.01,29578,-10,before earnings
Apple Inc.,AAPL,0000320193,2026-01-02,appointment,Ben Borders,Principal Accounting Officer,2026-01-01,Apple Inc.,0000320193,2026-01-29,first quarter fiscal 2026,143756,2.84,42097,-27,before earnings
Apple Inc.,AAPL,0000320193,2025-12-05,appointment,Jennifer Newstead,General Counsel,2026-03-01,Apple Inc.,0000320193,2025-10-30,fourth quarter fiscal 2025,102466,1.85,27466,36,after earnings
Apple Inc.,AAPL,0000320193,2025-12-05,appointment,Jennifer Newstead,Senior Vice President,NOT_FOUND,Apple Inc.,0000320193,2025-10-30,fourth quarter fiscal 2025,102466,1.85,27466,36,after earnings
Apple Inc.,AAPL,0000320193,2025-12-05,departure,Kate Adams,General Counsel,NOT_FOUND,Apple Inc.,0000320193,2025-10-30,fourth quarter fiscal 2025,102466,1.85,27466,36,after earnings
Microsoft Corporation,MSFT,0000789019,2026-06-05,departure,Reid Hoffman,Director,NOT_FOUND,Microsoft Corporation,0000789019,2026-04-29,"quarter ended March 31, 2026",82886,4.27,31778,37,after earnings
Microsoft Corporation,MSFT,0000789019,2026-05-14,appointment,Carmine Di Sibio,Director,2026-05-13,Microsoft Corporation,0000789019,2026-04-29,"quarter ended March 31, 2026",82886,4.27,31778,15,after earnings
Microsoft Corporation,MSFT,0000789019,2025-09-30,departure,Carlos A. Rodriguez,Director,NOT_FOUND,Microsoft Corporation,0000789019,2025-10-29,"quarter ended September 30, 2025",77673,3.72,27747,-29,before earnings
NVIDIA Corporation,NVDA,0001045810,2026-07-02,departure,Ajay K. Puri,"Executive Vice President, Worldwide Field Operations",NOT_FOUND,NVIDIA Corporation,0001045810,2026-05-20,first quarter fiscal 2027,81615,2.39,58321,43,after earnings
NVIDIA Corporation,NVDA,0001045810,2026-07-02,appointment,Nicholas Parker,"Executive Vice President, Worldwide Field Operations",NOT_FOUND,NVIDIA Corporation,0001045810,2026-05-20,first quarter fiscal 2027,81615,2.39,58321,43,after earnings
NVIDIA Corporation,NVDA,0001045810,2026-05-08,appointment,Suzanne Nora Johnson,Director,2026-07-13,NVIDIA Corporation,0001045810,2026-05-20,first quarter fiscal 2027,81615,2.39,58321,-12,before earnings
NVIDIA Corporation,NVDA,0001045810,2026-04-27,departure,Donald Robertson,VP and CAO,2026-05-04,NVIDIA Corporation,0001045810,2026-05-20,first quarter fiscal 2027,81615,2.39,58321,-23,before earnings
NVIDIA Corporation,NVDA,0001045810,2026-04-27,appointment,Scott Gawel,VP and CAO,2026-05-04,NVIDIA Corporation,0001045810,2026-05-20,first quarter fiscal 2027,81615,2.39,58321,-23,before earnings
NVIDIA Corporation,NVDA,0001045810,2026-01-23,departure,Persis Drell,Director,2026-01-20,NVIDIA Corporation,0001045810,2026-02-25,fourth quarter fiscal 2026,68127,1.76,42960,-33,before earnings
JPMorgan Chase & Co.,JPM,0000019617,2026-06-25,appointment,Doug Petno,Co-President,2026-06-25,JPMorgan Chase & Co.,0000019617,2026-07-14,second quarter 2026,57347,7.7,21155,-19,before earnings
JPMorgan Chase & Co.,JPM,0000019617,2026-06-25,appointment,Doug Petno,CEO of the CIB,NOT_FOUND,JPMorgan Chase & Co.,0000019617,2026-07-14,second quarter 2026,57347,7.7,21155,-19,before earnings
JPMorgan Chase & Co.,JPM,0000019617,2026-06-25,appointment,Troy Rohrbaugh,Co-President,2026-06-25,JPMorgan Chase & Co.,0000019617,2026-07-14,second quarter 2026,57347,7.7,21155,-19,before earnings
JPMorgan Chase & Co.,JPM,0000019617,2026-06-25,appointment,Troy Rohrbaugh,CEO of Consumer & Community Banking,NOT_FOUND,JPMorgan Chase & Co.,0000019617,2026-07-14,second quarter 2026,57347,7.7,21155,-19,before earnings
JPMorgan Chase & Co.,JPM,0000019617,2026-06-25,departure,Marianne Lake,CEO of CCB,NOT_FOUND,JPMorgan Chase & Co.,0000019617,2026-07-14,second quarter 2026,57347,7.7,21155,-19,before earnings
JPMorgan Chase & Co.,JPM,0000019617,2025-12-08,departure,Todd A. Combs,Director,2025-12-07,JPMorgan Chase & Co.,0000019617,2026-01-13,fourth quarter 2025,45798,4.63,13025,-36,before earnings
Walmart Inc.,WMT,0000104169,2026-01-16,appointment,David Guggina,"Executive Vice President, President and Chief Executive Officer, Walmart U.S.",2026-02-01,Walmart Inc.,0000104169,2026-02-19,fourth quarter fiscal 2026,190656,0.53,4237,-34,before earnings
Walmart Inc.,WMT,0000104169,2026-01-16,departure,Kathryn McLay,"Executive Vice President, President and Chief Executive Officer, Walmart International",2026-04-30,Walmart Inc.,0000104169,2026-02-19,fourth quarter fiscal 2026,190656,0.53,4237,-34,before earnings
Walmart Inc.,WMT,0000104169,2026-01-16,appointment,Christopher Nicholas,"Executive Vice President, President and Chief Executive Officer, Walmart International",2026-02-01,Walmart Inc.,0000104169,2026-02-19,fourth quarter fiscal 2026,190656,0.53,4237,-34,before earnings
Walmart Inc.,WMT,0000104169,2026-01-16,appointment,Latriece Watkins,"Executive Vice President, President and Chief Executive Officer, Sam's Club U.S.",2026-02-01,Walmart Inc.,0000104169,2026-02-19,fourth quarter fiscal 2026,190656,0.53,4237,-34,before earnings
Walmart Inc.,WMT,0000104169,2026-01-08,appointment,Shishir Mehrotra,Director,2026-01-08,Walmart Inc.,0000104169,2026-02-19,fourth quarter fiscal 2026,190656,0.53,4237,-42,before earnings
Walmart Inc.,WMT,0000104169,2025-11-14,departure,C. Douglas McMillon,President and Chief Executive Officer,2026-01-31,Walmart Inc.,0000104169,2025-11-20,third quarter fiscal 2026,179496,0.77,6143,-6,same week
Walmart Inc.,WMT,0000104169,2025-11-14,appointment,John R. Furner,President and Chief Executive Officer,2026-02-01,Walmart Inc.,0000104169,2025-11-20,third quarter fiscal 2026,179496,0.77,6143,-6,same week
Walmart Inc.,WMT,0000104169,2025-11-14,appointment,John R. Furner,Director,2025-11-13,Walmart Inc.,0000104169,2025-11-20,third quarter fiscal 2026,179496,0.77,6143,-6,same week
Walmart Inc.,WMT,0000104169,2025-10-22,appointment,Dwayne Milum,Senior Vice President and Controller,2026-02-01,Walmart Inc.,0000104169,2025-11-20,third quarter fiscal 2026,179496,0.77,6143,-29,before earnings
Walmart Inc.,WMT,0000104169,2025-10-22,both,David Chojnowski,"Senior Vice President and Controller -> Senior Vice President, Treasurer and Tax",2026-01-31,Walmart Inc.,0000104169,2025-11-20,third quarter fiscal 2026,179496,0.77,6143,-29,before earnings
